,url,title
0,https://blog.naver.com/bokja2766/222736372247,진영 맛집 : 모두가 인정하는 돼지갈비 소갈비
1,https://blog.naver.com/pjh039/222742119166,[김해 진영 맛집] 맛과 건강까지 모두 잡은 쌈마이 닭쌈밥(with...
2,https://blog.naver.com/pdr0613/222738592189,진영 갈비 맛집 신상 고기집으로 추천하는 홍이집
3,https://blog.naver.com/kar5577/222742028244,진영 맛집으로 이미 소문날 만큼 난 안동오찜닭
4,https://blog.naver.com/moonje0ng/222743003819,김해진영맛집 연지 _ 돼지껍데기 두께 실화? 진짜 맛집 인정!
5,https://blog.naver.com/290eun/222732623778,김해진영맛집 : 점심으로 든든 사계절밀면
6,https://blog.naver.com/skago2115/222735813420,"[ 진영맛집 ] 연탄구이 전문점 "" 퇘장군 "" 삼겹살 맛집 배달 맛집..."
7,https://blog.naver.com/rkatjdqls97/222736977955,"진영 맛집 낙곱새 (낙지, 새우, 곱창) 매운 음식 땅길 땐 개미집..."
8,https://blog.naver.com/legolegovvip/222743290431,진영 맛집 봉하마을 대원면옥 냉면 칼국수
9,https://blog.naver.com/ruawl590/222742214423,[김해/진영/맛집] 나능이 능이 버섯 백숙
10,https://blog.naver.com/modoo-ds/222744191049,"김해 진영 꼼장어,장어 맛집 대경수산 싱싱한 해산물까지 다..."
11,https://blog.naver.com/alsgh8723/222742059046,김해진영맛집 연지 숯불구이전문점 갈비세트 꼭 먹기루 약속!
12,https://blog.naver.com/ssookyunjang/222739092372,"[진영맛집]여름이면 생각나는 시원한 밀면! ""진영가야밀면"""
13,https://blog.naver.com/p9981j/222735434189,[진영 맛집] 어짜피 인생은 고기서 고기 ‘미진축산’
14,https://blog.naver.com/snazzyjin/222741110562,부산 범천동 돼지곱창 맛집 진영곱창
15,https://blog.naver.com/kimgm410/222735217411,"[진영맛집]맥주와 어울리는 배달음식 치킨176,맥주를구한피자..."
16,https://blog.naver.com/boraborasome/222737405666,고속도로 진영휴게소 부산방향 휴게소 간식 먹거리 맛집
17,https://blog.naver.com/wnghd3004/222740886858,"[ 스시호 ] 김해 진영 초밥, 스시 찐 맛집!!!!!!(점심특선 최고..)"
18,https://blog.naver.com/850433/222739826157,"[진영 맛집]풍하갈비 현지인 추천맛집, 가족 외식 내돈내산"
19,https://blog.naver.com/fly_high1020/222736981606,진영맛집 명륜진사갈비
20,https://blog.naver.com/moonje0ng/222735494471,김해 진영 라멘 맛집 메구루 _ 진한 국물에 정말 반함 혼밥...
21,https://blog.naver.com/ruawl590/222736321026,[김해/진영/맛집] 우리동네 조개대장 • 조개찜
22,https://blog.naver.com/skago2115/222734441591,"[ 진영 맛집 ] 진영 이진캐스빌 새로생긴 향어집 "" 삼랑진..."
23,https://blog.naver.com/shine6912/222740854243,김해 진영 맛집 [유가네한우곰탕]
24,https://blog.naver.com/liz5lhz5/222735953824,김해 진영 치즈 폭탄 시카고 피자 맛집 맥주를구한피자/맥구피
25,https://blog.naver.com/hellohyeon7/222737530175,진영맛집 #진영신상맛집 #스시 #진영스시 #진영초밥 #초밥맛집...
26,https://blog.naver.com/xmsla/222736415092,진영 진배기원조할매국밥 내장국밥 후기 맛집일까
27,https://blog.naver.com/kimgm410/222737709307,[진영맛집]육회만드는사람들 진영점
28,https://blog.naver.com/uu627/222735747985,진영 맛집 피자비토랩 내돈내산 리뷰!
29,https://blog.naver.com/giddlek82/222740249799,꽃 축제][디저트 맛집][수제청][진영달디1639][대림건강원]
30,https://blog.naver.com/girl5914/222744210582,진영맛집)하이볼에 반하다
31,https://blog.naver.com/nariooooo/222742274770,김해 진영 오리백숙 닭백숙 옻닭 오리불고기 나만 알고 싶은 맛집
32,https://blog.naver.com/hyeli__/222737476590,김해 진영> ‘돼지영농후계자’ 맛집으로 솔직 추천 !
33,https://blog.naver.com/ruawl590/222736351809,[김해/진영/맛집] 리브가 • 수제 돈까스
34,https://blog.naver.com/sjsj8906/222736269437,"(김해 진영) 삼계탕맛집 ""백송삼계탕"""
35,https://blog.naver.com/tnwjd2376/222739017966,[김해진영맛집] 줄서서먹는 해물찜 찐맛집!<해웅해물찜>
36,https://blog.naver.com/keko2566/222733108398,[김해/진영 맛집] 단짠단짠 맛있는 돼지갈비의 정석! 신라가든
37,https://blog.naver.com/jaihwa2486/222735586838,김해 진영 봉하마을 근처 배달 맛집 feat.고다연 주차장
38,https://blog.naver.com/jieunseo357/222736183586,금천구 독산동 평양냉면 맛집 진영면옥
39,https://blog.naver.com/jomirye/222740750872,깨끗하고 큰 진영 휴게소 부산방향 맛집 내돈내산 후기
40,https://blog.naver.com/dh5525/222743425868,을지로 진영이네 골뱅이 / 세운상가 골뱅이맛집 / 골뱅이 가격
41,https://blog.naver.com/rlawlgp0207/222730973409,김해 진영 맛집 맛나감자탕 낙지볶음 점심 혼밥
42,https://blog.naver.com/justack2/222741070181,[재송동맛집 진영식당] 가족끼리 신문지 깔고 구워 먹던...
43,https://blog.naver.com/real_j2d/222743748044,김해 진영 돈까스 스토리 모든 음식을 수제로 만드는 곳
44,https://blog.naver.com/dymax/222740634621,금천구 평양냉면 진영면옥 추천 후기
45,https://blog.naver.com/khj23277/222744271696,진영오픈!!!!!코지하우스
46,https://blog.naver.com/hararium/222741609501,진영 캐릭터 마카롱 하라리움 5월 22일 오픈합니다
47,https://blog.naver.com/tire1988/222735579301,[진영엔진오일]타이어1988에서 bmw730ld 엔진오일교환
48,https://blog.naver.com/ruawl590/222736295480,[김해/진영/빵집] 브레드웜
49,https://blog.naver.com/wjdgywls48/222741794499,진영 마카롱제이!! 이렇게 두꺼운 꼬끄는 없었다 !!...
50,https://blog.naver.com/shelling1016/222737640426,"김해 진영, 홍이집 갈비 전문점"
51,https://blog.naver.com/sumi5493/222738372953,"밀키트, 과일, 야채 구입하러 진영 미스터 아빠 다녀왔어요...."
52,https://blog.naver.com/yhj8543/222737376641,진영에서 생돼지갈비먹으려면 무조건 홍이집
53,https://blog.naver.com/skago2115/222722675219,"[ 진영 갈비 ] 갈비가 맛있었던 집 "" 이가네참숯갈비..."
54,https://blog.naver.com/hyeu2080/222740630716,김해 진영.풍하갈비
55,https://blog.naver.com/hongmeongjin/222741739413,"[김해]이제는 낯선 역사의 한 조각, 진영역철도박물관"
56,https://blog.naver.com/mts5104/222741972946,진영 휴게소 맛집
57,https://blog.naver.com/qkdtpghk22/222739013572,세차맛집/김해세차/진례세차/진영세차/김해테크노밸리
58,https://blog.naver.com/tire1988/222742741935,[진영타이어]타이어1988에서 BENZ S-class 런플랫타이어교환
59,https://blog.naver.com/hararium/222738282340,진영 제일고등학교 1번째 출강 9번째 원데이 클래스
60,https://blog.naver.com/prolee67/222739414380,진영읍아파트/진영휴먼빌아파트/34평/2억8천만원 매물소개
61,https://blog.naver.com/qkdtpghk22/222739355124,세차맛집/김해세차/진례세차/진영세차/김해테크노밸리
62,https://blog.naver.com/jg331621/222738422663,"[군산] 건강한 속눈썹 관리, 꼼꼼한 군산 속눈썹펌 '진영뷰티라인'"
63,https://blog.naver.com/wlswn9407/222738871448,"대천 바다, 청양어죽 진영분식에서 먹고 온 여행 일상"
64,https://blog.naver.com/1js__/222736284543,[경남 진영 카페] 카페CCD
65,https://blog.naver.com/syww97/222739941126,미용실] '살롱드키코 이수역점' 염색후기 (feat. 진영디자이너)
66,https://blog.naver.com/rlarkdudww/222735401706,진영휴게소 함안휴게소 갈비찜 이영자 소떡소떡 내돈내먹 후기...
67,https://blog.naver.com/dhguswls216/222744667972,진영박가네참숯불갈비 장유맛집
68,https://blog.naver.com/dbsdl8288/222742813223,주촌 진영 부산 추천 동래... 스마트폰 꿀팁 가볼만한곳 맛집
69,https://blog.naver.com/tsoccer5577/222738837957,김해 진영 피자비토랩 용암불고기피자가 있는 집
70,https://blog.naver.com/surly80/222744260732,온가족찐마켓 진영이진캐스빌아파트 진영여성시대프리마켓...
71,https://blog.naver.com/lovelyjjung567/222740636135,진영 사계절밀면
72,https://blog.naver.com/shin__bm/222743447736,진영기업체중석식 김해테크노밸리배달 진례중식배달 진영중...
73,https://blog.naver.com/peredot0910/222741622436,성성동 막걸리 맛집 남촌리양조장
74,https://blog.naver.com/jungmirea/222742211003,케이크:)-어머님생신골프떡케이크(김해진해창원마산율하진영장...
75,https://blog.naver.com/wls67290/222743785113,"오르에르, 진영이작업실, 면장우동, 우이천, 닥터스트레인지2..."
76,https://blog.naver.com/tjrmatn777/222737376021,함안 무진정 / 함안 데이트 / 함안 인생샷 /함안맛집
77,https://blog.naver.com/purejj99/222740575619,"일본식라멘 맛집, 코이라멘 밀키트"
78,https://blog.naver.com/surly80/222739702813,김하꽃축제 김해진영달디1639 대동생태공원
79,https://blog.naver.com/withsuan/222736144745,[오클랜드 일상] 베이징덕 맛집 / 한국 건강검진 예약 / 집에서...
80,https://blog.naver.com/seoulvintage/222742235393,인구해변맛집 카레가 맛있는 해파리
81,https://blog.naver.com/jmemorrr/222741457957,부산대 신상카페 추천 : 테라스/디저트 맛집 '케어포커피'
82,https://blog.naver.com/jsjdl7480/222737087109,반송시장맛집 김용대셰프의 미스터 김치왕 (김치찌개와...
83,https://blog.naver.com/jin3538500/222743293379,인계동 해물아구찜 맛집 / 마라도해물탕&찜 / 가족외식 참 좋네요~
84,https://blog.naver.com/jmemorrr/222738084548,[부산대 카페] 감성 넘치는 부산대 크로핀맛집 ‘하루나’
85,https://blog.naver.com/coney0929/222737589286,홍대 침사추이누들: 만두 존맛..
86,https://blog.naver.com/chiclady9933/222741251113,안경순이 되다 ㅋㅋ / 한남동 맛집 목포해물탕찜
87,https://blog.naver.com/7monaco/222741870390,[노무현대통령님 서거13주기 추모전시] 인사아트프라자....
88,https://blog.naver.com/kbb241/222739052359,"나의 3,4월"
89,https://blog.naver.com/songyonj/222737515244,오랜만에 불타는 대구막창
90,https://blog.naver.com/pitapat_hj/222738056370,홍천 막국수 맛집 장원막국수
91,https://blog.naver.com/keb0013/222740827920,김해 자연스러운 눈썹 맛집 쏠 뷰티
92,https://blog.naver.com/p9981j/222741830313,수학 도장 팠어요! 신상은 늘 옳습니다!! 이제 숙제 칭찬...
93,https://blog.naver.com/bright__sunset/222737643023,"[귀빈, 대구 성서 계대정문] 연어초밥 and 롤 로컬맛집을..."
94,https://blog.naver.com/dahmeun_pa/222737141978,동학사 산속 분위기 좋은 맛집과 카페
95,https://blog.naver.com/mihye0310/222740117663,[신림데이트/신림놀거리] 실내데이트 하기 좋은 신림...
96,https://wwool.net/ansan/6Uq1cvRa3tOW,소로 - 안산 사동 일식 | 동네맛집
97,https://blog.naver.com/e2_kk/222740159298,"숙대입구역 맛집 채식, 비건식당 '카페 시바'"
98,https://blog.naver.com/kar5577/222740156916,창원 대산 깔끔하고 맛있는 건일돼지국밥
99,https://blog.naver.com/taehyung5159/222735923752,여수미용실:머리맛집:한선이끌레어
100,https://blog.naver.com/sokuk44/222735879434,백소연
101,https://usedcarmarket.kr/gimhae/IFSJEKl56AG,응답하라노래주점 - 김해 진영읍 룸살롱 | 동네맛집
102,https://blog.naver.com/dmsquf109/222739799302,[거제/통영] 싱가포르보다 재미있었던 통영 루지! 숙소는 거제...
103,https://blog.naver.com/zoajoolnoon/222736901754,안성/ 양성카페 - 여유로운 푸릇푸릇한 “스윗포터리”
104,https://blog.naver.com/chch7122/222733575007,가족외식 맛집추전 민물장어집 [어만형제]
105,https://blog.naver.com/wodemimi1001/222741270687,반짝반짝 빛나는 우리가
106,https://blog.naver.com/cheamin2000/222740739670,2022-2(떡국등장)
107,https://blog.naver.com/taehyung5159/222739950058,여수 머리 맛집::한선이끌레어
108,https://blog.naver.com/taehyung5159/222739876726,여수 머리 맛집:한선이끌레어
109,https://blog.naver.com/amapolala/222740937686,"윤석열공약,대구,수성못,수성구,대구상가매매,강인선,수성구맛집)"
110,https://blog.naver.com/jsj9571/222739699001,[일드&일영] 하이앤로우 HIGH & LOW 시리즈 (2015~)
111,https://blog.naver.com/sechskiesljh/222741947780,꿀맛이였던 여주고구마
112,https://blog.naver.com/hyunjinno08/222743799064,"3월과 4월의 기록, 봄의 시작"
113,https://blog.naver.com/ses0860/222740284707,머리를 비우자
114,https://blog.naver.com/scaleoftheforest/222743597006,바다에서 일상까지 24시간
115,https://blog.naver.com/kjiy02n/222741090197,202205
116,https://blog.naver.com/songda92/222737010580,"한남동 와인마시기 좋은 분위기, 동남방앗간 한남점"
117,https://blog.naver.com/omw_lamb/222740207807,220519 GOT7 EP 《GOT7》 HIGHLIGHT MEDLEY 갓세븐 하라메
118,https://blog.naver.com/jin-t-a/222739953446,2022년5월18일 실내테니스장 실외테니스장 연습하는...
119,https://blog.naver.com/kimh01/222739509544,#511 / 커라식품 / 컵라면 볶음밥 / 평화시장 가맥 / SNS...
120,https://blog.naver.com/sumin_1216/222736672197,김해핫플! 코지하우스 메뉴추천 (메뉴 8개 주문함 ㅋㅋ)
121,https://blog.naver.com/kyh970205/222740281963,남자칭그+칭그
122,https://blog.naver.com/jbh9763/222738500508,5월 남해 여행 : 보물섬전망대 스카이워크 보리암 금산산장...
123,https://blog.naver.com/gooddaily2020/222743164089,창원댄스학원 화/목 DOOHO 팝핑 초급클래스 진해댄스학원...
124,https://blog.naver.com/ghwoekthd/222742885509,오늘의 저녁 창원 몽돌횟집
125,https://blog.naver.com/roci1982/222737614597,강북구 미아동 손세차 고압 세차장 / 가성비 세차 / 스타리아...
126,https://blog.naver.com/hyezzz__/222742811874,㋄. ㏭-㏮
127,https://blog.naver.com/kongbin08/222738937510,[독일 교환학생] 암스테르담 여행 둘째 날|일출|베이글|반 고흐...
128,https://blog.naver.com/lsk7219/222742287865,□마산 눈썹 빅이벤트□ 눈썹 이벤트 시작 후 문의 폭발
129,https://blog.naver.com/hjhong7466/222736346556,평화로움이 그리워어
130,https://blog.naver.com/siyeon49/222742070124,블로그 아니고 사진일기
131,https://blog.naver.com/wnwod77/222744604669,5월의 주길동이라 불러라
132,https://blog.naver.com/noworneverrr/222737715450,2022년 4월 일상
133,https://blog.naver.com/dalcham17/222743636507,[음악리뷰]타이틀에 가려진 여자아이돌 수록곡 추천/취향
134,https://blog.naver.com/qkrtnwls3450/222736832525,세마리 토끼 다 내꺼~
135,https://blog.naver.com/namgung1221/222741325752,I totally hate studing
136,https://blog.naver.com/0321tngus/222740363979,[역삼역삼겹살/강남삼겹살] 이 집 고기와 된장찌개는 찐이다...
137,https://blog.naver.com/buwok/222743521061,오은영 리포트 결혼지옥 2회 결방 이유 5월 23일 결혼지옥...
138,https://blog.naver.com/jjin941121/222740009231,도원동헬스 결과가 확실한 곳!여성전용 미녀핏
139,https://blog.naver.com/jmemorrr/222743980506,부산대 티/홍차가 맛있었던 홍차카페 '샨샨' : 선물용티와...
140,https://blog.naver.com/ddolipapa/222741172084,지역아동센터-오란다만들기
141,https://blog.naver.com/cherry_on_top00/222740651144,‘첫 글인데 무슨 내용인지 궁금하지?’
142,https://blog.naver.com/samick5953/222744388404,진례담안리원룸 200/33
143,https://blog.naver.com/hyeran5608/222741215094,"지금, 이 순간 행복할 것"
144,https://blog.naver.com/jungwannabe2/222737514984,[my daily] 5월 둘째주 : 선물가덕 행벅가덕❤️
145,https://blog.naver.com/booyom/222736267166,미니가족여행임요
146,https://blog.naver.com/gmlwnddl5819/222737300070,창원네비매립/ 창원DM싼타페네비매립/ DM싼타페 파인드라이브...
147,https://blog.naver.com/leejydbs/222739462908,다시 다짐 !
148,https://blog.naver.com/sophia7386/222739943461,Glorious my days✨
149,https://blog.naver.com/kk12328/222741676082,컨디션
150,https://blog.naver.com/soccerkkw2/222744441293,청라헬스장 세인트피트니스<토크--스쿼트에 대해 중요한 운동...
151,https://blog.naver.com/ekf1121_/222737625945,"《우리는 아직 무엇이든 될 수 있다》 일, 사랑 그리고 사람들"
152,https://blog.naver.com/jbh9763/222739888512,2박3일 국내여행 부산 출발 남해 & 여수 총 여행기록
153,https://blog.naver.com/hg2514/222739044897,-
154,https://blog.naver.com/todayseop/222742194976,한 달간의 백수 생활은 어떨까
155,https://blog.naver.com/sgayoung21/222738982060,2022.05.(1) 귀여움이 세상을 구한다
156,https://blog.naver.com/resfd/222744591018,올뉴 K3 는 김해중고차에서
157,https://blog.naver.com/ozdays/222736271877,22.05.15 #로얄싸롱#랜디스도넛#우래옥
158,https://blog.naver.com/defso/222743362311,갓세븐 홈커밍 팬콘 후기 (220522)
159,https://blog.naver.com/ty8468/222742214719,진짜 꾸준히 쓴다 말리지마!(?)
160,https://blog.naver.com/aioewfbiod/222742372674,직접농사 짖은 으로 정성스럽게 달임 했어요
161,https://blog.naver.com/luxled1500/222735914622,세상의 모든 빛! 럭스라이팅에서!
162,https://blog.naver.com/hyemijjangs2/222737752940,백만오천칠백팔십년만에 블로그 쓰기
163,https://blog.naver.com/pw2254/222744394514,공장지붕방수 판넬시공 특색맞춤 보강 효과!
164,https://blog.naver.com/kosy0729/222742929601,버려진 감정들은 어디로 흘러가는 걸까
165,https://blog.naver.com/jignonne_/222741823032,드디어 올리는 4월의 브리즈번
166,https://blog.naver.com/kwanhee1029q/222736366524,제주도 한달살기 #2
167,https://blog.naver.com/yrani0317/222738615501,양막래일상ㅠㅡㅜ
168,https://blog.naver.com/jie0903/222735954884,창원시 성산구 사파동 단독주택 2층 투룸 보증금 2천만원...
169,https://blog.naver.com/th535/222736457233,(5.1-5.17) 공부하기 싫어서 올리는 반쪽짜리 5월 일상
170,https://blog.naver.com/dbstmfrlek/222735690937,"‘JYP 떠난’ 갓세븐, 해체 없이 완전체 컴백 위용"
171,https://blog.naver.com/qhgus6782/222738255689,창원/진해/합천 여행
172,https://blog.naver.com/ehtoddnjs97/222737808694,일상(공부 제외)
173,https://blog.naver.com/luvsua11/222742941763,5월
174,https://blog.naver.com/ujnco/222738813209,우당탕 3월 (1)
175,https://blog.naver.com/rewq7770/222741957898,부산린나이 튀김기 가스식 업소용 정관 신규 설치 !
176,https://blog.naver.com/hoht96/222736875799,[4월의 일상] 만나면 좋은 친구들과 먹고 놀고 수다수다 절겁다...
177,https://blog.naver.com/leejagga/222738242828,"김해 장유강아지 옷, 간식은 여기서! 오프라인인데 온라인보다..."
178,https://blog.naver.com/jvxgxxd/222738594233,부럽지가 않어
179,https://blog.naver.com/somso_m/222742056203,22.04.07-4.15 / 뉴욕 한 달 살기도 이제 끝 -
180,https://blog.naver.com/phh4726/222741060213,돌아오는 수레바퀴
181,https://blog.naver.com/reiko223/222739015074,푹
182,https://blog.naver.com/eunzjl/222740413365,마음 중요한 건 마음 결코 네 얼굴만 보고 좋아하는 거 아니...
183,https://blog.naver.com/buwok/222735895613,플레이유 파밍 미션 3가지 자원을 모아 3개국과의 교역에...
184,https://blog.naver.com/junseowho/222736196865,카페 모알보알 / 네거리식당 / 용수산회포장 / 샤부돈...
185,https://blog.naver.com/soccerkkw2/222734809708,청라헬스장 청라피티 세인트피트니스 <평발에 대한 교정 운동>
186,https://blog.naver.com/chanby0704/222737232463,"기억을 되새기며.,., 작년 이야기"
187,https://blog.naver.com/zlh_yoon/222739677350,일 술 집 일 술 집
188,https://blog.naver.com/disney2055/222737712481,원도원도강원도
189,https://blog.naver.com/xxlovexx1010/222735139066,{쿡앤키친&부산케이터링}어머니 환갑잔치음식 한식케이터링!!
190,https://blog.naver.com/seoy1009/222744620966,MAY 2022 (1)
191,https://blog.naver.com/moneysyrup/222735744544,"2022년 5월♥ 1~2주 일상기록 / 을지로 직장인 되기, 디올 가방..."
192,https://blog.naver.com/seul_713/222739004177,김해 맛집 나의 단골집 또 재방문 해웅해물아구찜
193,https://blog.naver.com/gw20342/222735682093,클린 디톡스 6일 후기 2
194,https://blog.naver.com/anyoong/222742181614,"[진영] 흰 :백 (연어, 화요, 명란, 오댕탕) 크~"
195,https://blog.naver.com/huani/222742404438,"[64-KTX부발역 핫플 집/대지 매매] SK하이닉스 법인세 2,022억..."
196,https://blog.naver.com/tkdqksrl19/222735577212,디파티드 보고 또봐도 나의 취향저격~
197,https://blog.naver.com/emilymiley/222741948698,개강한 김수아 일상 zip.(3월+4월)
198,https://blog.naver.com/yedamkpop/222738345691,'지연된 행복'
199,https://polydalai.tistory.com/entry/%EB%82%80%EB%8C%80-%ED%8C%A8%EC%8B%B1,낀대 패싱
200,https://blog.naver.com/newhopeman/222736672465,경제전략 올라타기 : 대형항공 역대급 실적 (220518)
201,https://blog.naver.com/gng9476/222738782711,우당탕탕 엉망진창 신나는 5월
202,https://blog.naver.com/spine165kg/222743611460,김해진영 온나필라테스｜체어
203,https://blog.naver.com/violin21/222737739588,한국인들의 이상한 행복 / 저자 안톤 숄츠... ‘행복지수’...
204,https://blog.naver.com/onara2/222736314498,최신곡이 없는 26살의 플레이리스트
205,https://blog.naver.com/qnfnqnfn1628/222739802437,김해 진영 뷰티라인샵 [ 타투 미니타투]
206,https://blog.naver.com/aurorasafe/222735389668,2022년 5월17일(화요일) 간추린 아침세상소식
207,https://blog.naver.com/hhy975/222738040023,한경닷컴 최신기사 시간별 39 2022-05-19 08:05
208,https://blog.naver.com/airmaid/222742676137,복면가왕 177대(356회) 정리
209,https://blog.naver.com/qnfnqnfn1628/222739798257,김해 진영 뷰티라인샵 [ 자연눈썹 여자눈썹 ]
210,https://blog.naver.com/onara2/222736314498,최신곡이 없는 26살의 플레이리스트
211,https://blog.naver.com/qnfnqnfn1628/222739802437,김해 진영 뷰티라인샵 [ 타투 미니타투]
212,https://blog.naver.com/aurorasafe/222735389668,2022년 5월17일(화요일) 간추린 아침세상소식
213,https://blog.naver.com/hhy975/222738040023,한경닷컴 최신기사 시간별 39 2022-05-19 08:05
214,https://blog.naver.com/airmaid/222742676137,복면가왕 177대(356회) 정리
215,https://blog.naver.com/qnfnqnfn1628/222739798257,김해 진영 뷰티라인샵 [ 자연눈썹 여자눈썹 ]
216,https://blog.naver.com/qnfnqnfn1628/222739793458,김해 진영 뷰티라인샵 [ 속눈썹연장 플랫모]
217,https://blog.naver.com/sjl0126/222740655648,이승준 담론-지정의에 대하여-제1편(제1신~제43신) III
218,https://blog.naver.com/hihi5057/222741194883,-리브가- 진영 맛집
219,https://blog.naver.com/hihi5057/222741228621,- 빈체로 - 진영 맛집
220,https://blog.naver.com/hihi5057/222741865830,- 하오방 - 진영맛집
221,https://blog.naver.com/hihi5057/222743553855,-대박밀면 수제돈까스- 진영맛집
222,https://blog.naver.com/hihi5057/222743378810,- 경원해물찜 - 진영맛집
223,https://blog.naver.com/hihi5057/222741878471,-길동이왕돈가스- 진영맛집
224,https://blog.naver.com/gooddaily2020/222744457711,창원댄스학원 수요일 힐댄스클래스 E:NA heeldance class...
225,https://blog.naver.com/aoiwfnadsof/222743752248,스타벅스 하는 사람들이 대단한 이유
226,https://blog.naver.com/kgy625/222743976589,5月 (1)
227,https://blog.naver.com/kkl4427/222742588674,"김해떡집, 직접 삶은 팥으로 만든 《팥시루》, 《이사답례떡 》..."
228,https://blog.naver.com/jjeong107/222743977066,5월은 푸르구나
229,https://blog.naver.com/esbn1222/222743678295,휴학생은 4월에 무엇을 했을까
230,https://blog.naver.com/soyounpark-2580/222742205609,(김해진영점핑다이어트맛집)최고의점핑운동시간 변경 ~~
231,https://blog.naver.com/makafood/222738021277,"제주시 아라동 돼지국밥 찐 맛집 ""아라골가마솥순대국"""
232,https://blog.naver.com/bee_1004/222735884906,"아이들도 너무 잘먹는 맛집, 진영 원조 창포 해물칼국수"
233,https://blog.naver.com/alswl7324/222742471593,"진영 가성비 최고, 국수 맛집 : 영국수"
234,https://blog.naver.com/thomas7298/222743013009,제주 / 용담 - 진영식당
235,https://blog.naver.com/yundbsckdrl/222744095224,싼타페 더프라임 2018년형 프리미엄등급 무사고 매입완료^^
236,https://blog.naver.com/azapeterpan/222736715048,청주 산청꿀갈비 꿀맛 제대로
237,https://blog.naver.com/polydalai/222741760173,낀대 패싱
238,https://blog.naver.com/yudam02/222736430714,준라인의 탄생과....어쩌고
239,https://www.read1825.com/entry/5%EC%9B%94%EC%9D%98-%EC%B6%94%EC%B2%9C%EB%8F%84%EC%84%9C-3363-%ED%95%9C%EA%B5%AD%EC%9D%B8%EB%93%A4%EC%9D%98-%EC%9D%B4%EC%83%81%ED%95%9C-%ED%96%89%EB%B3%B5,5월의 추천도서 (3363) 한국인들의 이상한 행복
